"Horodatage","Could you install and run Snapfit properly?","If you could not run the application or met any others issues, what are they?","How easy was the application to use?","If you think it is difficult to use, what makes it so hard?","What do you think of the design of the application","What would you like to see on SnapFit?","What did you like the most about this snapshot of Snapfit","What was your first impression of the application?","What do you think about this feedback?","Other comments?"
"2023/11/22 5:27:34 p.m. HNE","Yes","N/A","5","N/A","4","nutrition calculator","","Easy to use ","?",""
"2023/11/22 5:36:16 p.m. HNE","No","My Android Studio in my home computer wasn't prepared to run it, thereby I can't test it accordingly. My computer at school was able to run the application.","3","Can't say, I'm unable to run it.","4","Maybe an estimated time to see how long the exercises selected would take to perform.","","Pretty good.","Good, but might need more in-depth questions for further testing.",""
"2023/11/22 6:01:47 p.m. HNE","Yes","","2","I am confused on how to use the application","4","","The logo ","Confusion","Good cant really explain",""
"2023/11/22 6:13:13 p.m. HNE","Yes","","4","","4","The snap feature and different workouts.","The overlapping numbers and the guy eating chocolate.","Pretty good, The UI is attractive imo.","Pretty short tbh","You're doing great guys keep it up (do your starfish)"
"2023/11/22 9:32:33 p.m. HNE","Yes","APK version was not changed; this wasn't a problem for me but would cause problems for anyone installing the APK manually.","3","A lot of functionality is missing, so it's hard to tell for now.","4","Dunno","Overall design is fairly cohesive.","""I don't wanna go through the trouble of signing up""","Short and vague, though this is preliminary so that makes sense. No place to put bugs. No textbox to explain our responses for ""What do you think of the design of the application""","Bugs & Miscellanea:

No feedback when login fails.

Login asks for username when it's an email.

Home and settings pages break in landscape mode (or when the user increases their system's font size.)

Text in the ""FINISHED"" panel of the home page is weird, shows ""10"" overlapping with ""0.0""

Shows wrong email on the home and settings pages.

App crashes when going to settings -> Upload.

Workout duration starts at 0 minutes, but if I slide the slider right and back again the duration becomes 15 minutes.

The app is very usable in dark mode EXCEPT for the workout exercise list screen. I think you're manually setting the background colour when you should be using theme colours to do that instead. There is black-on-grey text on the homepage and logo in dark mode too.

Need to log-out twice to actually log out. I think we're supposed to get booted back to the sign-in page. I can also go back to the pages after logging out by pressing the back button."